Data,Valoare PLN (exprimată in lei),Variație,Variație.1
03.01.2020,1.1227,,
06.01.2020,1.126,0.0033,+0.29%
07.01.2020,1.1257,-0.0003,-0.03%
08.01.2020,1.1259,0.0002,+0.02%
09.01.2020,1.1252,-0.0007,-0.06%
10.01.2020,1.1253,0.0001,+0.01%
13.01.2020,1.1271,0.0018,+0.16%
14.01.2020,1.1319,0.0048,+0.43%
15.01.2020,1.1309,-0.001,-0.09%
16.01.2020,1.1283,-0.0026,-0.23%
17.01.2020,1.1287,0.0004,+0.04%
20.01.2020,1.1261,-0.0026,-0.23%
21.01.2020,1.1258,-0.0003,-0.03%
22.01.2020,1.1281,0.0023,+0.2%
23.01.2020,1.1255,-0.0026,-0.23%
27.01.2020,1.1199,-0.0056,-0.5%
28.01.2020,1.1174,-0.0025,-0.22%
29.01.2020,1.117,-0.0004,-0.04%
30.01.2020,1.1159,-0.0011,-0.1%
31.01.2020,1.1107,-0.0052,-0.47%
03.02.2020,1.1108,0.0001,+0.01%
04.02.2020,1.1158,0.005,+0.45%
05.02.2020,1.1207,0.0049,+0.44%
06.02.2020,1.1201,-0.0006,-0.05%
07.02.2020,1.1155,-0.0046,-0.41%
10.02.2020,1.1177,0.0022,+0.2%
11.02.2020,1.1193,0.0016,+0.14%
12.02.2020,1.119,-0.0003,-0.03%
13.02.2020,1.1185,-0.0005,-0.04%
14.02.2020,1.1241,0.0056,+0.5%
17.02.2020,1.1221,-0.002,-0.18%
18.02.2020,1.1178,-0.0043,-0.38%
19.02.2020,1.1185,0.0007,+0.06%
20.02.2020,1.1185,,
21.02.2020,1.1223,0.0038,+0.34%
24.02.2020,1.1172,-0.0051,-0.45%
25.02.2020,1.1175,0.0003,+0.03%
26.02.2020,1.1161,-0.0014,-0.13%
27.02.2020,1.1155,-0.0006,-0.05%
28.02.2020,1.1099,-0.0056,-0.5%
02.03.2020,1.1121,0.0022,+0.2%
03.03.2020,1.1147,0.0026,+0.23%
04.03.2020,1.1195,0.0048,+0.43%
05.03.2020,1.1177,-0.0018,-0.16%
06.03.2020,1.1174,-0.0003,-0.03%
09.03.2020,1.1163,-0.0011,-0.1%
10.03.2020,1.1152,-0.0011,-0.1%
11.03.2020,1.1154,0.0002,+0.02%
12.03.2020,1.1086,-0.0068,-0.61%
13.03.2020,1.1022,-0.0064,-0.58%
16.03.2020,1.0989,-0.0033,-0.3%
17.03.2020,1.0801,-0.0188,-1.71%
18.03.2020,1.0823,0.0022,+0.2%
19.03.2020,1.0575,-0.0248,-2.29%
20.03.2020,1.0702,0.0127,+1.2%
23.03.2020,1.0588,-0.0114,-1.07%
24.03.2020,1.054,-0.0048,-0.45%
25.03.2020,1.0567,0.0027,+0.26%
26.03.2020,1.0559,-0.0008,-0.08%
27.03.2020,1.0656,0.0097,+0.92%
30.03.2020,1.065,-0.0006,-0.06%
31.03.2020,1.0614,-0.0036,-0.34%
01.04.2020,1.0549,-0.0065,-0.61%
02.04.2020,1.0553,0.0004,+0.04%
03.04.2020,1.0542,-0.0011,-0.1%
06.04.2020,1.0611,0.0069,+0.65%
07.04.2020,1.0648,0.0037,+0.35%
08.04.2020,1.0673,0.0025,+0.23%
09.04.2020,1.0616,-0.0057,-0.53%
10.04.2020,1.0621,0.0005,+0.05%
13.04.2020,1.0586,-0.0035,-0.33%
14.04.2020,1.0618,0.0032,+0.3%
15.04.2020,1.0647,0.0029,+0.27%
16.04.2020,1.0665,0.0018,+0.17%
21.04.2020,1.0667,0.0002,+0.02%
22.04.2020,1.0674,0.0007,+0.07%
23.04.2020,1.0662,-0.0012,-0.11%
24.04.2020,1.0685,0.0023,+0.22%
27.04.2020,1.0696,0.0011,+0.1%
28.04.2020,1.0668,-0.0028,-0.26%
29.04.2020,1.066,-0.0008,-0.07%
30.04.2020,1.0668,0.0008,+0.08%
04.05.2020,1.0624,-0.0044,-0.41%
05.05.2020,1.0624,,
06.05.2020,1.0624,,
07.05.2020,1.0618,-0.0006,-0.06%
08.05.2020,1.0593,-0.0025,-0.24%
11.05.2020,1.0609,0.0016,+0.15%
12.05.2020,1.0608,-0.0001,-0.01%
13.05.2020,1.0592,-0.0016,-0.15%
14.05.2020,1.0596,0.0004,+0.04%
15.05.2020,1.0617,0.0021,+0.2%
18.05.2020,1.0603,-0.0014,-0.13%
19.05.2020,1.0625,0.0022,+0.21%
20.05.2020,1.0644,0.0019,+0.18%
21.05.2020,1.0682,0.0038,+0.36%
22.05.2020,1.0714,0.0032,+0.3%
25.05.2020,1.073,0.0016,+0.15%
26.05.2020,1.0859,0.0129,+1.2%
27.05.2020,1.093,0.0071,+0.65%
28.05.2020,1.0957,0.0027,+0.25%
29.05.2020,1.0879,-0.0078,-0.71%
02.06.2020,1.1034,0.0155,+1.42%
03.06.2020,1.1018,-0.0016,-0.15%
04.06.2020,1.0866,-0.0152,-1.38%
05.06.2020,1.0868,0.0002,+0.02%
09.06.2020,1.0894,0.0026,+0.24%
10.06.2020,1.0828,-0.0066,-0.61%
11.06.2020,1.0817,-0.0011,-0.1%
12.06.2020,1.0865,0.0048,+0.44%
15.06.2020,1.0885,0.002,+0.18%
16.06.2020,1.0918,0.0033,+0.3%
17.06.2020,1.0854,-0.0064,-0.59%
18.06.2020,1.0864,0.001,+0.09%
19.06.2020,1.0863,-0.0001,-0.01%
22.06.2020,1.0883,0.002,+0.18%
23.06.2020,1.0913,0.003,+0.28%
24.06.2020,1.0881,-0.0032,-0.29%
25.06.2020,1.0876,-0.0005,-0.05%
26.06.2020,1.0851,-0.0025,-0.23%
29.06.2020,1.0852,0.0001,+0.01%
30.06.2020,1.0839,-0.0013,-0.12%
01.07.2020,1.0857,0.0018,+0.17%
02.07.2020,1.0818,-0.0039,-0.36%
03.07.2020,1.0821,0.0003,+0.03%
06.07.2020,1.0812,-0.0009,-0.08%
07.07.2020,1.0825,0.0013,+0.12%
08.07.2020,1.0813,-0.0012,-0.11%
09.07.2020,1.0838,0.0025,+0.23%
10.07.2020,1.0818,-0.002,-0.18%
13.07.2020,1.0824,0.0006,+0.06%
14.07.2020,1.0794,-0.003,-0.28%
15.07.2020,1.0828,0.0034,+0.31%
16.07.2020,1.0786,-0.0042,-0.39%
17.07.2020,1.0801,0.0015,+0.14%
20.07.2020,1.0844,0.0043,+0.4%
21.07.2020,1.0909,0.0065,+0.6%
22.07.2020,1.0918,0.0009,+0.08%
23.07.2020,1.0962,0.0044,+0.4%
24.07.2020,1.0961,-0.0001,-0.01%
27.07.2020,1.0969,0.0008,+0.07%
28.07.2020,1.0984,0.0015,+0.14%
29.07.2020,1.0938,-0.0046,-0.42%
30.07.2020,1.0962,0.0024,+0.22%
31.07.2020,1.0973,0.0011,+0.1%
03.08.2020,1.0941,-0.0032,-0.29%
04.08.2020,1.0989,0.0048,+0.44%
05.08.2020,1.0995,0.0006,+0.05%
06.08.2020,1.096,-0.0035,-0.32%
07.08.2020,1.0966,0.0006,+0.05%
10.08.2020,1.0982,0.0016,+0.15%
11.08.2020,1.0982,,
12.08.2020,1.0966,-0.0016,-0.15%
13.08.2020,1.099,0.0024,+0.22%
14.08.2020,1.0994,0.0004,+0.04%
17.08.2020,1.1026,0.0032,+0.29%
18.08.2020,1.101,-0.0016,-0.15%
19.08.2020,1.1018,0.0008,+0.07%
20.08.2020,1.1012,-0.0006,-0.05%
21.08.2020,1.1029,0.0017,+0.15%
24.08.2020,1.0987,-0.0042,-0.38%
25.08.2020,1.101,0.0023,+0.21%
26.08.2020,1.0987,-0.0023,-0.21%
27.08.2020,1.0985,-0.0002,-0.02%
28.08.2020,1.1005,0.002,+0.18%
31.08.2020,1.1007,0.0002,+0.02%
01.09.2020,1.1011,0.0004,+0.04%
02.09.2020,1.0971,-0.004,-0.36%
03.09.2020,1.0959,-0.0012,-0.11%
04.09.2020,1.0893,-0.0066,-0.6%
07.09.2020,1.0894,0.0001,+0.01%
08.09.2020,1.0924,0.003,+0.28%
09.09.2020,1.0913,-0.0011,-0.1%
10.09.2020,1.0904,-0.0009,-0.08%
11.09.2020,1.0915,0.0011,+0.1%
14.09.2020,1.0909,-0.0006,-0.05%
15.09.2020,1.0926,0.0017,+0.16%
16.09.2020,1.0919,-0.0007,-0.06%
17.09.2020,1.0904,-0.0015,-0.14%
18.09.2020,1.0912,0.0008,+0.07%
21.09.2020,1.0844,-0.0068,-0.62%
22.09.2020,1.0781,-0.0063,-0.58%
23.09.2020,1.0838,0.0057,+0.53%
24.09.2020,1.0759,-0.0079,-0.73%
25.09.2020,1.0715,-0.0044,-0.41%
28.09.2020,1.0695,-0.002,-0.19%
29.09.2020,1.0677,-0.0018,-0.17%
30.09.2020,1.0744,0.0067,+0.63%
01.10.2020,1.081,0.0066,+0.61%
02.10.2020,1.0849,0.0039,+0.36%
05.10.2020,1.0838,-0.0011,-0.1%
06.10.2020,1.0853,0.0015,+0.14%
07.10.2020,1.0852,-0.0001,-0.01%
08.10.2020,1.0861,0.0009,+0.08%
09.10.2020,1.0877,0.0016,+0.15%
12.10.2020,1.0889,0.0012,+0.11%
13.10.2020,1.0876,-0.0013,-0.12%
14.10.2020,1.0804,-0.0072,-0.66%
15.10.2020,1.0699,-0.0105,-0.97%
16.10.2020,1.0669,-0.003,-0.28%
19.10.2020,1.0697,0.0028,+0.26%
20.10.2020,1.0655,-0.0042,-0.39%
21.10.2020,1.0626,-0.0029,-0.27%
22.10.2020,1.0619,-0.0007,-0.07%
23.10.2020,1.0646,0.0027,+0.25%
26.10.2020,1.0646,,
27.10.2020,1.0625,-0.0021,-0.2%
28.10.2020,1.0541,-0.0084,-0.79%
29.10.2020,1.0511,-0.003,-0.28%
30.10.2020,1.0547,0.0036,+0.34%
02.11.2020,1.0563,0.0016,+0.15%
03.11.2020,1.0649,0.0086,+0.81%
04.11.2020,1.0712,0.0063,+0.59%
05.11.2020,1.078,0.0068,+0.63%
06.11.2020,1.0772,-0.0008,-0.07%
09.11.2020,1.0842,0.007,+0.65%
10.11.2020,1.0819,-0.0023,-0.21%
11.11.2020,1.0849,0.003,+0.28%
12.11.2020,1.0846,-0.0003,-0.03%
13.11.2020,1.084,-0.0006,-0.06%
16.11.2020,1.0887,0.0047,+0.43%
17.11.2020,1.0843,-0.0044,-0.4%
18.11.2020,1.088,0.0037,+0.34%
19.11.2020,1.0884,0.0004,+0.04%
20.11.2020,1.0914,0.003,+0.28%
23.11.2020,1.0909,-0.0005,-0.05%
24.11.2020,1.0901,-0.0008,-0.07%
25.11.2020,1.0901,,
26.11.2020,1.0894,-0.0007,-0.06%
27.11.2020,1.0862,-0.0032,-0.29%
02.12.2020,1.0912,0.005,+0.46%
03.12.2020,1.087,-0.0042,-0.38%
04.12.2020,1.0891,0.0021,+0.19%
07.12.2020,1.089,-0.0001,-0.01%
08.12.2020,1.0902,0.0012,+0.11%
09.12.2020,1.1004,0.0102,+0.94%
10.12.2020,1.0982,-0.0022,-0.2%
11.12.2020,1.0977,-0.0005,-0.05%
14.12.2020,1.0989,0.0012,+0.11%
15.12.2020,1.0948,-0.0041,-0.37%
16.12.2020,1.0979,0.0031,+0.28%
17.12.2020,1.0969,-0.001,-0.09%
18.12.2020,1.0956,-0.0013,-0.12%
21.12.2020,1.0774,-0.0182,-1.66%
22.12.2020,1.0785,0.0011,+0.1%
23.12.2020,1.084,0.0055,+0.51%
24.12.2020,1.0805,-0.0035,-0.32%
28.12.2020,1.085,0.0045,+0.42%
29.12.2020,1.0788,-0.0062,-0.57%
30.12.2020,1.0765,-0.0023,-0.21%
31.12.2020,1.0676,-0.0089,-0.83%
04.01.2021,1.0702,0.0026,+0.24%
05.01.2021,1.0719,0.0017,+0.16%
06.01.2021,1.0801,0.0082,+0.76%
07.01.2021,1.0793,-0.0008,-0.07%
08.01.2021,1.0775,-0.0018,-0.17%
11.01.2021,1.0767,-0.0008,-0.07%
12.01.2021,1.0765,-0.0002,-0.02%
13.01.2021,1.0772,0.0007,+0.07%
14.01.2021,1.0735,-0.0037,-0.34%
15.01.2021,1.0729,-0.0006,-0.06%
18.01.2021,1.0718,-0.0011,-0.1%
19.01.2021,1.0752,0.0034,+0.32%
20.01.2021,1.0769,0.0017,+0.16%
21.01.2021,1.0761,-0.0008,-0.07%
22.01.2021,1.073,-0.0031,-0.29%
25.01.2021,1.0734,0.0004,+0.04%
26.01.2021,1.0712,-0.0022,-0.2%
27.01.2021,1.0722,0.001,+0.09%
28.01.2021,1.0721,-0.0001,-0.01%
29.01.2021,1.0751,0.003,+0.28%
01.02.2021,1.0799,0.0048,+0.45%
02.02.2021,1.0833,0.0034,+0.31%
03.02.2021,1.0846,0.0013,+0.12%
04.02.2021,1.0843,-0.0003,-0.03%
05.02.2021,1.0844,0.0001,+0.01%
08.02.2021,1.086,0.0016,+0.15%
09.02.2021,1.0879,0.0019,+0.17%
10.02.2021,1.0876,-0.0003,-0.03%
11.02.2021,1.0814,-0.0062,-0.57%
12.02.2021,1.0824,0.001,+0.09%
15.02.2021,1.0863,0.0039,+0.36%
16.02.2021,1.0866,0.0003,+0.03%
17.02.2021,1.0829,-0.0037,-0.34%
18.02.2021,1.0853,0.0024,+0.22%
19.02.2021,1.0858,0.0005,+0.05%
22.02.2021,1.0849,-0.0009,-0.08%
23.02.2021,1.0818,-0.0031,-0.29%
24.02.2021,1.0792,-0.0026,-0.24%
25.02.2021,1.0813,0.0021,+0.19%
26.02.2021,1.0785,-0.0028,-0.26%
01.03.2021,1.0776,-0.0009,-0.08%
02.03.2021,1.0748,-0.0028,-0.26%
03.03.2021,1.0758,0.001,+0.09%
04.03.2021,1.072,-0.0038,-0.35%
05.03.2021,1.0661,-0.0059,-0.55%
08.03.2021,1.0643,-0.0018,-0.17%
09.03.2021,1.0659,0.0016,+0.15%
10.03.2021,1.068,0.0021,+0.2%
11.03.2021,1.0663,-0.0017,-0.16%
12.03.2021,1.0651,-0.0012,-0.11%
15.03.2021,1.0655,0.0004,+0.04%
16.03.2021,1.0635,-0.002,-0.19%
17.03.2021,1.0611,-0.0024,-0.23%
18.03.2021,1.0569,-0.0042,-0.4%
19.03.2021,1.0577,0.0008,+0.08%
22.03.2021,1.059,0.0013,+0.12%
23.03.2021,1.0614,0.0024,+0.23%
24.03.2021,1.0561,-0.0053,-0.5%
25.03.2021,1.0542,-0.0019,-0.18%
26.03.2021,1.0539,-0.0003,-0.03%
29.03.2021,1.0523,-0.0016,-0.15%
30.03.2021,1.0572,0.0049,+0.47%
31.03.2021,1.0562,-0.001,-0.09%
01.04.2021,1.0633,0.0071,+0.67%
02.04.2021,1.0672,0.0039,+0.37%
05.04.2021,1.0695,0.0023,+0.22%
06.04.2021,1.0698,0.0003,+0.03%
07.04.2021,1.0721,0.0023,+0.21%
08.04.2021,1.081,0.0089,+0.83%
09.04.2021,1.0842,0.0032,+0.3%
12.04.2021,1.086,0.0018,+0.17%
13.04.2021,1.078,-0.008,-0.74%
14.04.2021,1.08,0.002,+0.19%
15.04.2021,1.0812,0.0012,+0.11%
16.04.2021,1.0825,0.0013,+0.12%
19.04.2021,1.0831,0.0006,+0.06%
20.04.2021,1.0817,-0.0014,-0.13%
21.04.2021,1.0818,0.0001,+0.01%
22.04.2021,1.081,-0.0008,-0.07%
23.04.2021,1.0788,-0.0022,-0.2%
26.04.2021,1.0808,0.002,+0.19%
27.04.2021,1.0796,-0.0012,-0.11%
28.04.2021,1.0754,-0.0042,-0.39%
29.04.2021,1.0769,0.0015,+0.14%
04.05.2021,1.0827,0.0058,+0.54%
05.05.2021,1.0771,-0.0056,-0.52%
06.05.2021,1.0744,-0.0027,-0.25%
07.05.2021,1.0756,0.0012,+0.11%
10.05.2021,1.077,0.0014,+0.13%
11.05.2021,1.0817,0.0047,+0.44%
12.05.2021,1.0847,0.003,+0.28%
13.05.2021,1.0838,-0.0009,-0.08%
14.05.2021,1.0859,0.0021,+0.19%
17.05.2021,1.0863,0.0004,+0.04%
18.05.2021,1.0895,0.0032,+0.29%
19.05.2021,1.088,-0.0015,-0.14%
20.05.2021,1.0904,0.0024,+0.22%
21.05.2021,1.0968,0.0064,+0.59%
24.05.2021,1.097,0.0002,+0.02%
25.05.2021,1.0989,0.0019,+0.17%
26.05.2021,1.0947,-0.0042,-0.38%
27.05.2021,1.095,0.0003,+0.03%
28.05.2021,1.097,0.002,+0.18%
31.05.2021,1.0968,-0.0002,-0.02%
02.06.2021,1.101,0.0042,+0.38%
03.06.2021,1.1045,0.0035,+0.32%
04.06.2021,1.101,-0.0035,-0.32%
07.06.2021,1.1034,0.0024,+0.22%
08.06.2021,1.1012,-0.0022,-0.2%
09.06.2021,1.105,0.0038,+0.35%
10.06.2021,1.0983,-0.0067,-0.61%
11.06.2021,1.0997,0.0014,+0.13%
14.06.2021,1.0925,-0.0072,-0.65%
15.06.2021,1.0873,-0.0052,-0.48%
16.06.2021,1.0886,0.0013,+0.12%
17.06.2021,1.086,-0.0026,-0.24%
18.06.2021,1.0833,-0.0027,-0.25%
22.06.2021,1.0861,0.0028,+0.26%
23.06.2021,1.0897,0.0036,+0.33%
24.06.2021,1.0888,-0.0009,-0.08%
25.06.2021,1.0927,0.0039,+0.36%
28.06.2021,1.0925,-0.0002,-0.02%
29.06.2021,1.091,-0.0015,-0.14%
30.06.2021,1.0913,0.0003,+0.03%
01.07.2021,1.0907,-0.0006,-0.05%
02.07.2021,1.0878,-0.0029,-0.27%
05.07.2021,1.0928,0.005,+0.46%
06.07.2021,1.0943,0.0015,+0.14%
07.07.2021,1.0906,-0.0037,-0.34%
08.07.2021,1.0856,-0.005,-0.46%
09.07.2021,1.0834,-0.0022,-0.2%
12.07.2021,1.0819,-0.0015,-0.14%
13.07.2021,1.0776,-0.0043,-0.4%
14.07.2021,1.0749,-0.0027,-0.25%
15.07.2021,1.0764,0.0015,+0.14%
16.07.2021,1.0746,-0.0018,-0.17%
19.07.2021,1.0741,-0.0005,-0.05%
20.07.2021,1.0711,-0.003,-0.28%
21.07.2021,1.0716,0.0005,+0.05%
22.07.2021,1.0766,0.005,+0.47%
23.07.2021,1.0763,-0.0003,-0.03%
26.07.2021,1.0723,-0.004,-0.37%
27.07.2021,1.0721,-0.0002,-0.02%
28.07.2021,1.0714,-0.0007,-0.07%
29.07.2021,1.0728,0.0014,+0.13%
30.07.2021,1.0771,0.0043,+0.4%
02.08.2021,1.078,0.0009,+0.08%
03.08.2021,1.0807,0.0027,+0.25%
04.08.2021,1.0821,0.0014,+0.13%
05.08.2021,1.0804,-0.0017,-0.16%
06.08.2021,1.0791,-0.0013,-0.12%
09.08.2021,1.0755,-0.0036,-0.33%
10.08.2021,1.075,-0.0005,-0.05%
11.08.2021,1.0711,-0.0039,-0.36%
12.08.2021,1.07,-0.0011,-0.1%
13.08.2021,1.0737,0.0037,+0.35%
16.08.2021,1.0753,0.0016,+0.15%
17.08.2021,1.0776,0.0023,+0.21%
18.08.2021,1.0797,0.0021,+0.19%
19.08.2021,1.0751,-0.0046,-0.43%
20.08.2021,1.0748,-0.0003,-0.03%
23.08.2021,1.0757,0.0009,+0.08%
24.08.2021,1.0755,-0.0002,-0.02%
25.08.2021,1.0786,0.0031,+0.29%
26.08.2021,1.0778,-0.0008,-0.07%
27.08.2021,1.077,-0.0008,-0.07%
30.08.2021,1.0804,0.0034,+0.32%
31.08.2021,1.086,0.0056,+0.52%
01.09.2021,1.0927,0.0067,+0.62%
02.09.2021,1.0955,0.0028,+0.26%
03.09.2021,1.0957,0.0002,+0.02%
06.09.2021,1.0952,-0.0005,-0.05%
07.09.2021,1.0949,-0.0003,-0.03%
08.09.2021,1.096,0.0011,+0.1%
09.09.2021,1.0918,-0.0042,-0.38%
10.09.2021,1.0876,-0.0042,-0.38%
13.09.2021,1.0892,0.0016,+0.15%
14.09.2021,1.0869,-0.0023,-0.21%
15.09.2021,1.0873,0.0004,+0.04%
16.09.2021,1.0823,-0.005,-0.46%
17.09.2021,1.0802,-0.0021,-0.19%
20.09.2021,1.0757,-0.0045,-0.42%
21.09.2021,1.0726,-0.0031,-0.29%
22.09.2021,1.0689,-0.0037,-0.34%
23.09.2021,1.0756,0.0067,+0.63%
24.09.2021,1.0742,-0.0014,-0.13%
27.09.2021,1.0771,0.0029,+0.27%
28.09.2021,1.0717,-0.0054,-0.5%
29.09.2021,1.069,-0.0027,-0.25%
30.09.2021,1.0665,-0.0025,-0.23%
01.10.2021,1.0788,0.0123,+1.15%
04.10.2021,1.0831,0.0043,+0.4%
05.10.2021,1.0763,-0.0068,-0.63%
06.10.2021,1.0754,-0.0009,-0.08%
07.10.2021,1.0888,0.0134,+1.25%
08.10.2021,1.0745,-0.0143,-1.31%
11.10.2021,1.0723,-0.0022,-0.2%
12.10.2021,1.0794,0.0071,+0.66%
13.10.2021,1.0818,0.0024,+0.22%
14.10.2021,1.0821,0.0003,+0.03%
15.10.2021,1.0828,0.0007,+0.06%
18.10.2021,1.0829,0.0001,+0.01%
19.10.2021,1.0818,-0.0011,-0.1%
20.10.2021,1.0804,-0.0014,-0.13%
21.10.2021,1.0772,-0.0032,-0.3%
22.10.2021,1.0747,-0.0025,-0.23%
25.10.2021,1.0737,-0.001,-0.09%
26.10.2021,1.0747,0.001,+0.09%
27.10.2021,1.0712,-0.0035,-0.33%
28.10.2021,1.0694,-0.0018,-0.17%
29.10.2021,1.0719,0.0025,+0.23%
01.11.2021,1.0702,-0.0017,-0.16%
02.11.2021,1.0734,0.0032,+0.3%
03.11.2021,1.0761,0.0027,+0.25%
04.11.2021,1.0742,-0.0019,-0.18%
05.11.2021,1.0741,-0.0001,-0.01%
08.11.2021,1.0765,0.0024,+0.22%
09.11.2021,1.0777,0.0012,+0.11%
10.11.2021,1.0753,-0.0024,-0.22%
11.11.2021,1.0679,-0.0074,-0.69%
12.11.2021,1.065,-0.0029,-0.27%
15.11.2021,1.0678,0.0028,+0.26%
16.11.2021,1.0607,-0.0071,-0.66%
17.11.2021,1.0621,0.0014,+0.13%
18.11.2021,1.063,0.0009,+0.08%
19.11.2021,1.0567,-0.0063,-0.59%
22.11.2021,1.0498,-0.0069,-0.65%
23.11.2021,1.0495,-0.0003,-0.03%
24.11.2021,1.059,0.0095,+0.91%
25.11.2021,1.0604,0.0014,+0.13%
26.11.2021,1.0534,-0.007,-0.66%
29.11.2021,1.0536,0.0002,+0.02%
02.12.2021,1.0753,0.0217,+2.06%
03.12.2021,1.0766,0.0013,+0.12%
06.12.2021,1.0778,0.0012,+0.11%
07.12.2021,1.0759,-0.0019,-0.18%
08.12.2021,1.0775,0.0016,+0.15%
09.12.2021,1.0733,-0.0042,-0.39%
10.12.2021,1.0728,-0.0005,-0.05%
13.12.2021,1.0713,-0.0015,-0.14%
14.12.2021,1.0669,-0.0044,-0.41%
15.12.2021,1.0706,0.0037,+0.35%
16.12.2021,1.0688,-0.0018,-0.17%
17.12.2021,1.068,-0.0008,-0.07%
20.12.2021,1.0675,-0.0005,-0.05%
21.12.2021,1.0697,0.0022,+0.21%
22.12.2021,1.0703,0.0006,+0.06%
23.12.2021,1.0679,-0.0024,-0.22%
24.12.2021,1.0692,0.0013,+0.12%
27.12.2021,1.0721,0.0029,+0.27%
28.12.2021,1.0752,0.0031,+0.29%
29.12.2021,1.0758,0.0006,+0.06%
30.12.2021,1.0765,0.0007,+0.07%
31.12.2021,1.0768,0.0003,+0.03%
03.01.2022,1.0783,0.0015,+0.14%
04.01.2022,1.0813,0.003,+0.28%
05.01.2022,1.0824,0.0011,+0.1%
06.01.2022,1.0828,0.0004,+0.04%
07.01.2022,1.0848,0.002,+0.18%
10.01.2022,1.089,0.0042,+0.39%
11.01.2022,1.089,,
12.01.2022,1.0909,0.0019,+0.17%
13.01.2022,1.0919,0.001,+0.09%
14.01.2022,1.0895,-0.0024,-0.22%
17.01.2022,1.0928,0.0033,+0.3%
18.01.2022,1.0923,-0.0005,-0.05%
19.01.2022,1.0927,0.0004,+0.04%
20.01.2022,1.0935,0.0008,+0.07%
21.01.2022,1.0912,-0.0023,-0.21%
25.01.2022,1.0794,-0.0118,-1.08%
26.01.2022,1.0781,-0.0013,-0.12%
27.01.2022,1.0818,0.0037,+0.34%
28.01.2022,1.0808,-0.001,-0.09%
31.01.2022,1.0759,-0.0049,-0.45%
01.02.2022,1.0792,0.0033,+0.31%
02.02.2022,1.0876,0.0084,+0.78%
03.02.2022,1.0894,0.0018,+0.17%
04.02.2022,1.0889,-0.0005,-0.05%
07.02.2022,1.087,-0.0019,-0.17%
08.02.2022,1.0915,0.0045,+0.41%
09.02.2022,1.0957,0.0042,+0.38%
10.02.2022,1.102,0.0063,+0.57%
11.02.2022,1.0937,-0.0083,-0.75%
14.02.2022,1.0834,-0.0103,-0.94%
15.02.2022,1.0957,0.0123,+1.14%
16.02.2022,1.1006,0.0049,+0.45%
17.02.2022,1.0971,-0.0035,-0.32%
18.02.2022,1.0935,-0.0036,-0.33%
21.02.2022,1.0947,0.0012,+0.11%
22.02.2022,1.0887,-0.006,-0.55%
23.02.2022,1.089,0.0003,+0.03%
24.02.2022,1.0672,-0.0218,-2%
25.02.2022,1.0644,-0.0028,-0.26%
28.02.2022,1.0562,-0.0082,-0.77%
01.03.2022,1.0455,-0.0107,-1.01%
02.03.2022,1.0252,-0.0203,-1.94%
03.03.2022,1.032,0.0068,+0.66%
04.03.2022,1.0209,-0.0111,-1.08%
07.03.2022,0.9929,-0.028,-2.74%
08.03.2022,1.0129,0.02,+2.01%
09.03.2022,1.0248,0.0119,+1.17%
10.03.2022,1.0262,0.0014,+0.14%
11.03.2022,1.032,0.0058,+0.57%
14.03.2022,1.0449,0.0129,+1.25%
15.03.2022,1.044,-0.0009,-0.09%
16.03.2022,1.0527,0.0087,+0.83%
17.03.2022,1.0539,0.0012,+0.11%
18.03.2022,1.0488,-0.0051,-0.48%
21.03.2022,1.0545,0.0057,+0.54%
22.03.2022,1.0525,-0.002,-0.19%
23.03.2022,1.0509,-0.0016,-0.15%
24.03.2022,1.0433,-0.0076,-0.72%
25.03.2022,1.0432,-0.0001,-0.01%
28.03.2022,1.0447,0.0015,+0.14%
29.03.2022,1.0555,0.0108,+1.03%
30.03.2022,1.0638,0.0083,+0.79%
31.03.2022,1.0627,-0.0011,-0.1%
01.04.2022,1.0648,0.0021,+0.2%
04.04.2022,1.0665,0.0017,+0.16%
05.04.2022,1.0679,0.0014,+0.13%
06.04.2022,1.0631,-0.0048,-0.45%
07.04.2022,1.0622,-0.0009,-0.08%
08.04.2022,1.0647,0.0025,+0.24%
11.04.2022,1.0628,-0.0019,-0.18%
12.04.2022,1.0628,,
13.04.2022,1.064,0.0012,+0.11%
14.04.2022,1.0654,0.0014,+0.13%
15.04.2022,1.067,0.0016,+0.15%
18.04.2022,1.0694,0.0024,+0.22%
19.04.2022,1.0649,-0.0045,-0.42%
20.04.2022,1.0669,0.002,+0.19%
21.04.2022,1.0634,-0.0035,-0.33%
26.04.2022,1.0644,0.001,+0.09%
27.04.2022,1.0508,-0.0136,-1.28%
28.04.2022,1.0551,0.0043,+0.41%
29.04.2022,1.0602,0.0051,+0.48%
02.05.2022,1.0572,-0.003,-0.28%
03.05.2022,1.0528,-0.0044,-0.42%
04.05.2022,1.057,0.0042,+0.4%
05.05.2022,1.0599,0.0029,+0.27%
06.05.2022,1.0529,-0.007,-0.66%
09.05.2022,1.0506,-0.0023,-0.22%
10.05.2022,1.0565,0.0059,+0.56%
11.05.2022,1.0584,0.0019,+0.18%
12.05.2022,1.0569,-0.0015,-0.14%
13.05.2022,1.0571,0.0002,+0.02%
16.05.2022,1.0597,0.0026,+0.25%
17.05.2022,1.0627,0.003,+0.28%
18.05.2022,1.0645,0.0018,+0.17%
19.05.2022,1.0655,0.001,+0.09%
20.05.2022,1.0667,0.0012,+0.11%
23.05.2022,1.074,0.0073,+0.68%
24.05.2022,1.0722,-0.0018,-0.17%
25.05.2022,1.0742,0.002,+0.19%
26.05.2022,1.0733,-0.0009,-0.08%
27.05.2022,1.0746,0.0013,+0.12%
30.05.2022,1.0797,0.0051,+0.47%
31.05.2022,1.0791,-0.0006,-0.06%
02.06.2022,1.078,-0.0011,-0.1%
03.06.2022,1.0764,-0.0016,-0.15%
06.06.2022,1.0771,0.0007,+0.07%
07.06.2022,1.0785,0.0014,+0.13%
08.06.2022,1.0809,0.0024,+0.22%
09.06.2022,1.079,-0.0019,-0.18%
10.06.2022,1.0746,-0.0044,-0.41%
14.06.2022,1.0618,-0.0128,-1.19%
15.06.2022,1.0581,-0.0037,-0.35%
16.06.2022,1.0524,-0.0057,-0.54%
17.06.2022,1.0534,0.001,+0.1%
20.06.2022,1.061,0.0076,+0.72%
21.06.2022,1.0656,0.0046,+0.43%
22.06.2022,1.0624,-0.0032,-0.3%
23.06.2022,1.0496,-0.0128,-1.2%
24.06.2022,1.0508,0.0012,+0.11%
27.06.2022,1.0522,0.0014,+0.13%
28.06.2022,1.0527,0.0005,+0.05%
29.06.2022,1.0556,0.0029,+0.28%
30.06.2022,1.0552,-0.0004,-0.04%
01.07.2022,1.0485,-0.0067,-0.63%
04.07.2022,1.052,0.0035,+0.33%
05.07.2022,1.0413,-0.0107,-1.02%
06.07.2022,1.033,-0.0083,-0.8%
07.07.2022,1.0324,-0.0006,-0.06%
08.07.2022,1.0306,-0.0018,-0.17%
11.07.2022,1.031,0.0004,+0.04%
12.07.2022,1.0212,-0.0098,-0.95%
13.07.2022,1.0229,0.0017,+0.17%
14.07.2022,1.0237,0.0008,+0.08%
15.07.2022,1.0282,0.0045,+0.44%
18.07.2022,1.0329,0.0047,+0.46%
19.07.2022,1.0365,0.0036,+0.35%
20.07.2022,1.0369,0.0004,+0.04%
21.07.2022,1.0364,-0.0005,-0.05%
22.07.2022,1.0334,-0.003,-0.29%
25.07.2022,1.045,0.0116,+1.12%
26.07.2022,1.0428,-0.0022,-0.21%
27.07.2022,1.0319,-0.0109,-1.05%
28.07.2022,1.0303,-0.0016,-0.16%
29.07.2022,1.0441,0.0138,+1.34%
01.08.2022,1.0384,-0.0057,-0.55%
02.08.2022,1.0459,0.0075,+0.72%
03.08.2022,1.049,0.0031,+0.3%
04.08.2022,1.0434,-0.0056,-0.53%
05.08.2022,1.0463,0.0029,+0.28%
08.08.2022,1.0469,0.0006,+0.06%
09.08.2022,1.0432,-0.0037,-0.35%
10.08.2022,1.0441,0.0009,+0.09%
11.08.2022,1.0491,0.005,+0.48%
12.08.2022,1.0448,-0.0043,-0.41%
16.08.2022,1.0404,-0.0044,-0.42%
17.08.2022,1.0403,-0.0001,-0.01%
18.08.2022,1.0329,-0.0074,-0.71%
19.08.2022,1.0264,-0.0065,-0.63%
22.08.2022,1.0284,0.002,+0.19%
23.08.2022,1.023,-0.0054,-0.53%
24.08.2022,1.022,-0.001,-0.1%
25.08.2022,1.0251,0.0031,+0.3%
26.08.2022,1.0257,0.0006,+0.06%
29.08.2022,1.0256,-0.0001,-0.01%
30.08.2022,1.0279,0.0023,+0.22%
31.08.2022,1.0282,0.0003,+0.03%
01.09.2022,1.0302,0.002,+0.19%
02.09.2022,1.0272,-0.003,-0.29%
05.09.2022,1.0178,-0.0094,-0.92%
06.09.2022,1.0251,0.0073,+0.72%
07.09.2022,1.0294,0.0043,+0.42%
08.09.2022,1.031,0.0016,+0.16%
09.09.2022,1.0394,0.0084,+0.81%
12.09.2022,1.044,0.0046,+0.44%
13.09.2022,1.0452,0.0012,+0.11%
14.09.2022,1.0433,-0.0019,-0.18%
15.09.2022,1.0434,0.0001,+0.01%
16.09.2022,1.0434,,
19.09.2022,1.0444,0.001,+0.1%
20.09.2022,1.0457,0.0013,+0.12%
21.09.2022,1.0421,-0.0036,-0.34%
22.09.2022,1.0372,-0.0049,-0.47%
23.09.2022,1.0411,0.0039,+0.38%
26.09.2022,1.0384,-0.0027,-0.26%
27.09.2022,1.0375,-0.0009,-0.09%
28.09.2022,1.0277,-0.0098,-0.94%
29.09.2022,1.0204,-0.0073,-0.71%
30.09.2022,1.0127,-0.0077,-0.75%
03.10.2022,1.025,0.0123,+1.21%
04.10.2022,1.0312,0.0062,+0.6%
05.10.2022,1.0262,-0.005,-0.48%
06.10.2022,1.0193,-0.0069,-0.67%
07.10.2022,1.018,-0.0013,-0.13%
10.10.2022,1.0148,-0.0032,-0.31%
11.10.2022,1.0138,-0.001,-0.1%
12.10.2022,1.0166,0.0028,+0.28%
13.10.2022,1.0184,0.0018,+0.18%
14.10.2022,1.0236,0.0052,+0.51%
17.10.2022,1.0238,0.0002,+0.02%
18.10.2022,1.0251,0.0013,+0.13%
19.10.2022,1.0278,0.0027,+0.26%
20.10.2022,1.0306,0.0028,+0.27%
21.10.2022,1.027,-0.0036,-0.35%
24.10.2022,1.0264,-0.0006,-0.06%
25.10.2022,1.0254,-0.001,-0.1%
26.10.2022,1.0239,-0.0015,-0.15%
27.10.2022,1.0287,0.0048,+0.47%
28.10.2022,1.0385,0.0098,+0.95%
31.10.2022,1.0421,0.0036,+0.35%
01.11.2022,1.0447,0.0026,+0.25%
02.11.2022,1.0448,0.0001,+0.01%
03.11.2022,1.0402,-0.0046,-0.44%
04.11.2022,1.0416,0.0014,+0.13%
07.11.2022,1.0421,0.0005,+0.05%
08.11.2022,1.0426,0.0005,+0.05%
09.11.2022,1.0427,0.0001,+0.01%
10.11.2022,1.0362,-0.0065,-0.62%
11.11.2022,1.0442,0.008,+0.77%
14.11.2022,1.0443,0.0001,+0.01%
15.11.2022,1.0419,-0.0024,-0.23%
16.11.2022,1.0467,0.0048,+0.46%
17.11.2022,1.0476,0.0009,+0.09%
18.11.2022,1.0512,0.0036,+0.34%
21.11.2022,1.0509,-0.0003,-0.03%
22.11.2022,1.0467,-0.0042,-0.4%
23.11.2022,1.0516,0.0049,+0.47%
24.11.2022,1.0493,-0.0023,-0.22%
25.11.2022,1.0504,0.0011,+0.1%
28.11.2022,1.0521,0.0017,+0.16%
29.11.2022,1.0503,-0.0018,-0.17%
02.12.2022,1.0539,0.0036,+0.34%
05.12.2022,1.0479,-0.006,-0.57%
06.12.2022,1.0454,-0.0025,-0.24%
07.12.2022,1.0472,0.0018,+0.17%
08.12.2022,1.0497,0.0025,+0.24%
09.12.2022,1.0508,0.0011,+0.1%
12.12.2022,1.0501,-0.0007,-0.07%
13.12.2022,1.051,0.0009,+0.09%
14.12.2022,1.0519,0.0009,+0.09%
15.12.2022,1.0494,-0.0025,-0.24%
16.12.2022,1.0496,0.0002,+0.02%
19.12.2022,1.05,0.0004,+0.04%
20.12.2022,1.0492,-0.0008,-0.08%
21.12.2022,1.0512,0.002,+0.19%
22.12.2022,1.0526,0.0014,+0.13%
23.12.2022,1.0575,0.0049,+0.47%
27.12.2022,1.058,0.0005,+0.05%
28.12.2022,1.0547,-0.0033,-0.31%
29.12.2022,1.0543,-0.0004,-0.04%
30.12.2022,1.0557,0.0014,+0.13%
03.01.2023,1.0518,-0.0039,-0.37%
04.01.2023,1.0557,0.0039,+0.37%
05.01.2023,1.0537,-0.002,-0.19%
06.01.2023,1.0492,-0.0045,-0.43%
09.01.2023,1.05,0.0008,+0.08%
10.01.2023,1.0497,-0.0003,-0.03%
11.01.2023,1.053,0.0033,+0.31%
12.01.2023,1.052,-0.001,-0.09%
13.01.2023,1.0534,0.0014,+0.13%
16.01.2023,1.0518,-0.0016,-0.15%
17.01.2023,1.0489,-0.0029,-0.28%
18.01.2023,1.0495,0.0006,+0.06%
19.01.2023,1.0483,-0.0012,-0.11%
20.01.2023,1.0452,-0.0031,-0.3%
23.01.2023,1.0429,-0.0023,-0.22%
25.01.2023,1.0399,-0.003,-0.29%
26.01.2023,1.0351,-0.0048,-0.46%
27.01.2023,1.0395,0.0044,+0.43%
30.01.2023,1.0411,0.0016,+0.15%
31.01.2023,1.0451,0.004,+0.38%
01.02.2023,1.0439,-0.0012,-0.11%
02.02.2023,1.0418,-0.0021,-0.2%
03.02.2023,1.045,0.0032,+0.31%
06.02.2023,1.0385,-0.0065,-0.62%
07.02.2023,1.0319,-0.0066,-0.64%
08.02.2023,1.0351,0.0032,+0.31%
09.02.2023,1.0316,-0.0035,-0.34%
10.02.2023,1.0283,-0.0033,-0.32%
13.02.2023,1.0241,-0.0042,-0.41%
14.02.2023,1.0245,0.0004,+0.04%
15.02.2023,1.0295,0.005,+0.49%
16.02.2023,1.0264,-0.0031,-0.3%
17.02.2023,1.0267,0.0003,+0.03%
20.02.2023,1.0359,0.0092,+0.9%
21.02.2023,1.0365,0.0006,+0.06%
22.02.2023,1.0358,-0.0007,-0.07%
23.02.2023,1.0337,-0.0021,-0.2%
24.02.2023,1.041,0.0073,+0.71%
27.02.2023,1.042,0.001,+0.1%
28.02.2023,1.0431,0.0011,+0.11%
01.03.2023,1.0487,0.0056,+0.54%
02.03.2023,1.0516,0.0029,+0.28%
03.03.2023,1.0463,-0.0053,-0.5%
06.03.2023,1.0452,-0.0011,-0.11%
07.03.2023,1.0497,0.0045,+0.43%
08.03.2023,1.0451,-0.0046,-0.44%
09.03.2023,1.0491,0.004,+0.38%
10.03.2023,1.0485,-0.0006,-0.06%
13.03.2023,1.0449,-0.0036,-0.34%
14.03.2023,1.0516,0.0067,+0.64%
15.03.2023,1.0442,-0.0074,-0.7%
16.03.2023,1.046,0.0018,+0.17%
17.03.2023,1.0447,-0.0013,-0.12%
20.03.2023,1.046,0.0013,+0.12%
21.03.2023,1.0488,0.0028,+0.27%
22.03.2023,1.0505,0.0017,+0.16%
23.03.2023,1.0511,0.0006,+0.06%
24.03.2023,1.0507,-0.0004,-0.04%
27.03.2023,1.0547,0.004,+0.38%
28.03.2023,1.057,0.0023,+0.22%
29.03.2023,1.0564,-0.0006,-0.06%
30.03.2023,1.0569,0.0005,+0.05%
31.03.2023,1.0578,0.0009,+0.09%
03.04.2023,1.0572,-0.0006,-0.06%
04.04.2023,1.0563,-0.0009,-0.09%
05.04.2023,1.0538,-0.0025,-0.24%
06.04.2023,1.0529,-0.0009,-0.09%
07.04.2023,1.0539,0.001,+0.09%
10.04.2023,1.054,0.0001,+0.01%
11.04.2023,1.0549,0.0009,+0.09%
12.04.2023,1.0583,0.0034,+0.32%
13.04.2023,1.063,0.0047,+0.44%
18.04.2023,1.0672,0.0042,+0.4%
19.04.2023,1.0658,-0.0014,-0.13%
20.04.2023,1.0694,0.0036,+0.34%
21.04.2023,1.0715,0.0021,+0.2%
24.04.2023,1.0693,-0.0022,-0.21%
25.04.2023,1.074,0.0047,+0.44%
26.04.2023,1.0762,0.0022,+0.2%
27.04.2023,1.0756,-0.0006,-0.06%
28.04.2023,1.0751,-0.0005,-0.05%
02.05.2023,1.0743,-0.0008,-0.07%
03.05.2023,1.0772,0.0029,+0.27%
04.05.2023,1.0753,-0.0019,-0.18%
05.05.2023,1.0746,-0.0007,-0.07%
08.05.2023,1.0803,0.0057,+0.53%
09.05.2023,1.0777,-0.0026,-0.24%
10.05.2023,1.0828,0.0051,+0.47%
11.05.2023,1.0903,0.0075,+0.69%
12.05.2023,1.0871,-0.0032,-0.29%
15.05.2023,1.0947,0.0076,+0.7%
16.05.2023,1.1015,0.0068,+0.62%
17.05.2023,1.1037,0.0022,+0.2%
18.05.2023,1.0958,-0.0079,-0.72%
19.05.2023,1.0996,0.0038,+0.35%
22.05.2023,1.0991,-0.0005,-0.05%
23.05.2023,1.104,0.0049,+0.45%
24.05.2023,1.1067,0.0027,+0.24%
25.05.2023,1.1005,-0.0062,-0.56%
26.05.2023,1.0939,-0.0066,-0.6%
29.05.2023,1.0948,0.0009,+0.08%
30.05.2023,1.0963,0.0015,+0.14%
31.05.2023,1.0939,-0.0024,-0.22%
02.06.2023,1.1016,0.0077,+0.7%
06.06.2023,1.1057,0.0041,+0.37%
07.06.2023,1.1088,0.0031,+0.28%
08.06.2023,1.1038,-0.005,-0.45%
09.06.2023,1.109,0.0052,+0.47%
12.06.2023,1.1169,0.0079,+0.71%
13.06.2023,1.1076,-0.0093,-0.83%
14.06.2023,1.1124,0.0048,+0.43%
15.06.2023,1.1094,-0.003,-0.27%
16.06.2023,1.1113,0.0019,+0.17%
19.06.2023,1.1158,0.0045,+0.4%
20.06.2023,1.1161,0.0003,+0.03%
21.06.2023,1.1181,0.002,+0.18%
22.06.2023,1.1199,0.0018,+0.16%
23.06.2023,1.1169,-0.003,-0.27%
26.06.2023,1.1168,-0.0001,-0.01%
27.06.2023,1.1208,0.004,+0.36%
28.06.2023,1.1114,-0.0094,-0.84%
29.06.2023,1.1141,0.0027,+0.24%
30.06.2023,1.1154,0.0013,+0.12%
03.07.2023,1.1171,0.0017,+0.15%
04.07.2023,1.1189,0.0018,+0.16%
05.07.2023,1.112,-0.0069,-0.62%
06.07.2023,1.1051,-0.0069,-0.62%
07.07.2023,1.1055,0.0004,+0.04%
10.07.2023,1.1098,0.0043,+0.39%
11.07.2023,1.1144,0.0046,+0.41%
12.07.2023,1.1137,-0.0007,-0.06%
13.07.2023,1.1133,-0.0004,-0.04%
14.07.2023,1.1083,-0.005,-0.45%
17.07.2023,1.1097,0.0014,+0.13%
18.07.2023,1.1121,0.0024,+0.22%
19.07.2023,1.1113,-0.0008,-0.07%
20.07.2023,1.1093,-0.002,-0.18%
21.07.2023,1.1106,0.0013,+0.12%
24.07.2023,1.1057,-0.0049,-0.44%
25.07.2023,1.1088,0.0031,+0.28%
26.07.2023,1.1124,0.0036,+0.32%
27.07.2023,1.1144,0.002,+0.18%
28.07.2023,1.1134,-0.001,-0.09%
31.07.2023,1.119,0.0056,+0.5%
01.08.2023,1.1157,-0.0033,-0.29%
02.08.2023,1.1111,-0.0046,-0.41%
03.08.2023,1.1072,-0.0039,-0.35%
04.08.2023,1.113,0.0058,+0.52%
07.08.2023,1.1186,0.0056,+0.5%
08.08.2023,1.1146,-0.004,-0.36%
09.08.2023,1.1097,-0.0049,-0.44%
10.08.2023,1.1068,-0.0029,-0.26%
11.08.2023,1.111,0.0042,+0.38%
14.08.2023,1.1141,0.0031,+0.28%
16.08.2023,1.1064,-0.0077,-0.69%
17.08.2023,1.1045,-0.0019,-0.17%
18.08.2023,1.1023,-0.0022,-0.2%
21.08.2023,1.1043,0.002,+0.18%
22.08.2023,1.1053,0.001,+0.09%
23.08.2023,1.1027,-0.0026,-0.24%
24.08.2023,1.103,0.0003,+0.03%
25.08.2023,1.1051,0.0021,+0.19%
28.08.2023,1.1033,-0.0018,-0.16%
29.08.2023,1.1046,0.0013,+0.12%
30.08.2023,1.1039,-0.0007,-0.06%
31.08.2023,1.1061,0.0022,+0.2%
01.09.2023,1.1049,-0.0012,-0.11%
04.09.2023,1.1076,0.0027,+0.24%
05.09.2023,1.104,-0.0036,-0.33%
06.09.2023,1.103,-0.001,-0.09%
07.09.2023,1.0813,-0.0217,-1.97%
08.09.2023,1.0762,-0.0051,-0.47%
11.09.2023,1.0719,-0.0043,-0.4%
12.09.2023,1.0643,-0.0076,-0.71%
13.09.2023,1.0743,0.01,+0.94%
14.09.2023,1.0719,-0.0024,-0.22%
15.09.2023,1.0723,0.0004,+0.04%
18.09.2023,1.0707,-0.0016,-0.15%
19.09.2023,1.0686,-0.0021,-0.2%
20.09.2023,1.0686,,
21.09.2023,1.0755,0.0069,+0.65%
22.09.2023,1.0786,0.0031,+0.29%
25.09.2023,1.0823,0.0037,+0.34%
26.09.2023,1.0779,-0.0044,-0.41%
27.09.2023,1.0777,-0.0002,-0.02%
28.09.2023,1.0744,-0.0033,-0.31%
29.09.2023,1.0726,-0.0018,-0.17%
02.10.2023,1.079,0.0064,+0.6%
03.10.2023,1.0761,-0.0029,-0.27%
04.10.2023,1.0737,-0.0024,-0.22%
05.10.2023,1.0816,0.0079,+0.74%
06.10.2023,1.079,-0.0026,-0.24%
09.10.2023,1.0855,0.0065,+0.6%
10.10.2023,1.0883,0.0028,+0.26%
11.10.2023,1.0995,0.0112,+1.03%
12.10.2023,1.0945,-0.005,-0.45%
13.10.2023,1.0923,-0.0022,-0.2%
16.10.2023,1.1034,0.0111,+1.02%
17.10.2023,1.1203,0.0169,+1.53%
18.10.2023,1.1168,-0.0035,-0.31%
19.10.2023,1.1162,-0.0006,-0.05%
20.10.2023,1.1137,-0.0025,-0.22%
23.10.2023,1.1149,0.0012,+0.11%
24.10.2023,1.1142,-0.0007,-0.06%
25.10.2023,1.1072,-0.007,-0.63%
26.10.2023,1.11,0.0028,+0.25%
27.10.2023,1.1139,0.0039,+0.35%
30.10.2023,1.1125,-0.0014,-0.13%
31.10.2023,1.1162,0.0037,+0.33%
01.11.2023,1.1135,-0.0027,-0.24%
02.11.2023,1.1153,0.0018,+0.16%
03.11.2023,1.1159,0.0006,+0.05%
06.11.2023,1.1138,-0.0021,-0.19%
07.11.2023,1.115,0.0012,+0.11%
08.11.2023,1.1125,-0.0025,-0.22%
09.11.2023,1.1178,0.0053,+0.48%
10.11.2023,1.1246,0.0068,+0.61%
13.11.2023,1.1211,-0.0035,-0.31%
14.11.2023,1.1241,0.003,+0.27%
15.11.2023,1.1306,0.0065,+0.58%
16.11.2023,1.1334,0.0028,+0.25%
17.11.2023,1.1342,0.0008,+0.07%
20.11.2023,1.138,0.0038,+0.34%
21.11.2023,1.1407,0.0027,+0.24%
22.11.2023,1.1361,-0.0046,-0.4%
23.11.2023,1.1388,0.0027,+0.24%
24.11.2023,1.1365,-0.0023,-0.2%
27.11.2023,1.1414,0.0049,+0.43%
28.11.2023,1.1431,0.0017,+0.15%
29.11.2023,1.1455,0.0024,+0.21%
04.12.2023,1.1465,0.001,+0.09%
05.12.2023,1.1495,0.003,+0.26%
06.12.2023,1.1456,-0.0039,-0.34%
07.12.2023,1.1465,0.0009,+0.08%
08.12.2023,1.1456,-0.0009,-0.08%
11.12.2023,1.1475,0.0019,+0.17%
12.12.2023,1.1456,-0.0019,-0.17%
13.12.2023,1.1507,0.0051,+0.45%
14.12.2023,1.1539,0.0032,+0.28%
15.12.2023,1.154,0.0001,+0.01%
18.12.2023,1.1462,-0.0078,-0.68%
19.12.2023,1.1485,0.0023,+0.2%
20.12.2023,1.1473,-0.0012,-0.1%
21.12.2023,1.1437,-0.0036,-0.31%
22.12.2023,1.1465,0.0028,+0.24%
27.12.2023,1.1479,0.0014,+0.12%
28.12.2023,1.1471,-0.0008,-0.07%
29.12.2023,1.1444,-0.0027,-0.24%
03.01.2024,1.1377,-0.0067,-0.59%
04.01.2024,1.1434,0.0057,+0.5%
05.01.2024,1.1434,,
08.01.2024,1.1419,-0.0015,-0.13%
09.01.2024,1.1464,0.0045,+0.39%
10.01.2024,1.1456,-0.0008,-0.07%
11.01.2024,1.1433,-0.0023,-0.2%
12.01.2024,1.1411,-0.0022,-0.19%
15.01.2024,1.1376,-0.0035,-0.31%
16.01.2024,1.1327,-0.0049,-0.43%
17.01.2024,1.1327,,
18.01.2024,1.1299,-0.0028,-0.25%
19.01.2024,1.1369,0.007,+0.62%
22.01.2024,1.1425,0.0056,+0.49%
23.01.2024,1.1368,-0.0057,-0.5%
25.01.2024,1.137,0.0002,+0.02%
26.01.2024,1.1374,0.0004,+0.04%
29.01.2024,1.1394,0.002,+0.18%
30.01.2024,1.1399,0.0005,+0.04%
31.01.2024,1.1471,0.0072,+0.63%
01.02.2024,1.1471,,
02.02.2024,1.1517,0.0046,+0.4%
05.02.2024,1.1489,-0.0028,-0.24%
06.02.2024,1.1467,-0.0022,-0.19%
07.02.2024,1.1436,-0.0031,-0.27%
08.02.2024,1.1455,0.0019,+0.17%
09.02.2024,1.1511,0.0056,+0.49%
12.02.2024,1.1511,,
13.02.2024,1.1524,0.0013,+0.11%
14.02.2024,1.1463,-0.0061,-0.53%
15.02.2024,1.1455,-0.0008,-0.07%
16.02.2024,1.1466,0.0011,+0.1%
19.02.2024,1.1499,0.0033,+0.29%
20.02.2024,1.1505,0.0006,+0.05%
21.02.2024,1.1529,0.0024,+0.21%
22.02.2024,1.1535,0.0006,+0.05%
23.02.2024,1.1492,-0.0043,-0.37%
26.02.2024,1.1544,0.0052,+0.45%
27.02.2024,1.1515,-0.0029,-0.25%
28.02.2024,1.1538,0.0023,+0.2%
29.02.2024,1.1501,-0.0037,-0.32%
01.03.2024,1.1507,0.0006,+0.05%
04.03.2024,1.1502,-0.0005,-0.04%
05.03.2024,1.1498,-0.0004,-0.03%
06.03.2024,1.1545,0.0047,+0.41%
07.03.2024,1.1546,0.0001,+0.01%
08.03.2024,1.154,-0.0006,-0.05%
11.03.2024,1.1584,0.0044,+0.38%
12.03.2024,1.1595,0.0011,+0.09%
13.03.2024,1.1595,,
14.03.2024,1.1594,-0.0001,-0.01%
15.03.2024,1.1572,-0.0022,-0.19%
18.03.2024,1.1537,-0.0035,-0.3%
19.03.2024,1.1507,-0.003,-0.26%
20.03.2024,1.1509,0.0002,+0.02%
21.03.2024,1.1556,0.0047,+0.41%
22.03.2024,1.151,-0.0046,-0.4%
25.03.2024,1.1537,0.0027,+0.23%
26.03.2024,1.1529,-0.0008,-0.07%
27.03.2024,1.1533,0.0004,+0.03%
28.03.2024,1.1522,-0.0011,-0.1%
29.03.2024,1.156,0.0038,+0.33%
01.04.2024,1.1584,0.0024,+0.21%
02.04.2024,1.1577,-0.0007,-0.06%
03.04.2024,1.1569,-0.0008,-0.07%
04.04.2024,1.1568,-0.0001,-0.01%
05.04.2024,1.1585,0.0017,+0.15%
08.04.2024,1.1605,0.002,+0.17%
09.04.2024,1.1666,0.0061,+0.53%
10.04.2024,1.1663,-0.0003,-0.03%
11.04.2024,1.1662,-0.0001,-0.01%
12.04.2024,1.1672,0.001,+0.09%
15.04.2024,1.1598,-0.0074,-0.63%
16.04.2024,1.1467,-0.0131,-1.13%
17.04.2024,1.1462,-0.0005,-0.04%
18.04.2024,1.1489,0.0027,+0.24%
19.04.2024,1.1514,0.0025,+0.22%
22.04.2024,1.1519,0.0005,+0.04%
23.04.2024,1.1508,-0.0011,-0.1%
24.04.2024,1.1511,0.0003,+0.03%
25.04.2024,1.1532,0.0021,+0.18%
26.04.2024,1.1498,-0.0034,-0.29%
29.04.2024,1.151,0.0012,+0.1%
30.04.2024,1.1508,-0.0002,-0.02%
02.05.2024,1.1482,-0.0026,-0.23%
07.05.2024,1.1545,0.0063,+0.55%
08.05.2024,1.1534,-0.0011,-0.1%
09.05.2024,1.1577,0.0043,+0.37%
10.05.2024,1.1586,0.0009,+0.08%
13.05.2024,1.161,0.0024,+0.21%
14.05.2024,1.164,0.003,+0.26%
15.05.2024,1.1662,0.0022,+0.19%
16.05.2024,1.1681,0.0019,+0.16%
17.05.2024,1.1662,-0.0019,-0.16%
20.05.2024,1.1679,0.0017,+0.15%
21.05.2024,1.1691,0.0012,+0.1%
22.05.2024,1.1681,-0.001,-0.09%
23.05.2024,1.1655,-0.0026,-0.22%
24.05.2024,1.1671,0.0016,+0.14%
27.05.2024,1.1703,0.0032,+0.27%
28.05.2024,1.1704,0.0001,+0.01%
29.05.2024,1.1691,-0.0013,-0.11%
30.05.2024,1.1603,-0.0088,-0.75%
31.05.2024,1.1674,0.0071,+0.61%
03.06.2024,1.1614,-0.006,-0.51%
04.06.2024,1.1595,-0.0019,-0.16%
05.06.2024,1.1541,-0.0054,-0.47%
06.06.2024,1.1569,0.0028,+0.24%
07.06.2024,1.1595,0.0026,+0.22%
10.06.2024,1.1508,-0.0087,-0.75%
11.06.2024,1.1468,-0.004,-0.35%
12.06.2024,1.1476,0.0008,+0.07%
13.06.2024,1.1464,-0.0012,-0.1%
14.06.2024,1.1388,-0.0076,-0.66%
17.06.2024,1.1417,0.0029,+0.25%
18.06.2024,1.1434,0.0017,+0.15%
19.06.2024,1.1471,0.0037,+0.32%
20.06.2024,1.151,0.0039,+0.34%
21.06.2024,1.1489,-0.0021,-0.18%
25.06.2024,1.1588,0.0099,+0.86%
26.06.2024,1.1568,-0.002,-0.17%
27.06.2024,1.155,-0.0018,-0.16%
28.06.2024,1.155,,
01.07.2024,1.1578,0.0028,+0.24%
02.07.2024,1.1493,-0.0085,-0.73%
03.07.2024,1.157,0.0077,+0.67%
04.07.2024,1.1586,0.0016,+0.14%
05.07.2024,1.1629,0.0043,+0.37%
08.07.2024,1.1636,0.0007,+0.06%
09.07.2024,1.1675,0.0039,+0.34%
10.07.2024,1.1681,0.0006,+0.05%
11.07.2024,1.1684,0.0003,+0.03%
12.07.2024,1.168,-0.0004,-0.03%
15.07.2024,1.169,0.001,+0.09%
16.07.2024,1.1638,-0.0052,-0.44%
17.07.2024,1.1552,-0.0086,-0.74%
18.07.2024,1.1558,0.0006,+0.05%
19.07.2024,1.1599,0.0041,+0.35%
22.07.2024,1.1611,0.0012,+0.1%
23.07.2024,1.1624,0.0013,+0.11%
24.07.2024,1.1617,-0.0007,-0.06%
25.07.2024,1.1566,-0.0051,-0.44%
26.07.2024,1.1625,0.0059,+0.51%
29.07.2024,1.1607,-0.0018,-0.15%
30.07.2024,1.16,-0.0007,-0.06%
31.07.2024,1.1585,-0.0015,-0.13%
01.08.2024,1.1594,0.0009,+0.08%
02.08.2024,1.1599,0.0005,+0.04%
05.08.2024,1.1567,-0.0032,-0.28%
06.08.2024,1.1524,-0.0043,-0.37%
07.08.2024,1.1524,,
08.08.2024,1.151,-0.0014,-0.12%
09.08.2024,1.1501,-0.0009,-0.08%
12.08.2024,1.1556,0.0055,+0.48%
13.08.2024,1.16,0.0044,+0.38%
14.08.2024,1.1588,-0.0012,-0.1%
16.08.2024,1.1639,0.0051,+0.44%
19.08.2024,1.1654,0.0015,+0.13%
20.08.2024,1.1662,0.0008,+0.07%
21.08.2024,1.1608,-0.0054,-0.46%
22.08.2024,1.1624,0.0016,+0.14%
23.08.2024,1.1634,0.001,+0.09%
26.08.2024,1.1621,-0.0013,-0.11%
27.08.2024,1.1635,0.0014,+0.12%
28.08.2024,1.158,-0.0055,-0.47%
29.08.2024,1.1593,0.0013,+0.11%
30.08.2024,1.1631,0.0038,+0.33%
02.09.2024,1.1626,-0.0005,-0.04%
03.09.2024,1.1631,0.0005,+0.04%
04.09.2024,1.1614,-0.0017,-0.15%
05.09.2024,1.1629,0.0015,+0.13%
06.09.2024,1.1621,-0.0008,-0.07%
09.09.2024,1.1625,0.0004,+0.03%
10.09.2024,1.1613,-0.0012,-0.1%
11.09.2024,1.1601,-0.0012,-0.1%
12.09.2024,1.1567,-0.0034,-0.29%
13.09.2024,1.1584,0.0017,+0.15%
16.09.2024,1.1635,0.0051,+0.44%
17.09.2024,1.1651,0.0016,+0.14%
18.09.2024,1.1644,-0.0007,-0.06%
19.09.2024,1.1654,0.001,+0.09%
20.09.2024,1.1626,-0.0028,-0.24%
23.09.2024,1.164,0.0014,+0.12%
24.09.2024,1.167,0.003,+0.26%
25.09.2024,1.1676,0.0006,+0.05%
26.09.2024,1.1657,-0.0019,-0.16%
27.09.2024,1.1633,-0.0024,-0.21%
30.09.2024,1.1637,0.0004,+0.03%
01.10.2024,1.1609,-0.0028,-0.24%
02.10.2024,1.1579,-0.003,-0.26%
03.10.2024,1.1575,-0.0004,-0.03%
04.10.2024,1.1541,-0.0034,-0.29%
07.10.2024,1.1511,-0.003,-0.26%
08.10.2024,1.1541,0.003,+0.26%
09.10.2024,1.1587,0.0046,+0.4%
10.10.2024,1.1559,-0.0028,-0.24%
11.10.2024,1.1591,0.0032,+0.28%
14.10.2024,1.1602,0.0011,+0.09%
15.10.2024,1.159,-0.0012,-0.1%
16.10.2024,1.1574,-0.0016,-0.14%
17.10.2024,1.1517,-0.0057,-0.49%
18.10.2024,1.1542,0.0025,+0.22%
21.10.2024,1.1522,-0.002,-0.17%
22.10.2024,1.1519,-0.0003,-0.03%
23.10.2024,1.1474,-0.0045,-0.39%
24.10.2024,1.1454,-0.002,-0.17%
25.10.2024,1.1432,-0.0022,-0.19%
28.10.2024,1.1439,0.0007,+0.06%
29.10.2024,1.1435,-0.0004,-0.03%
30.10.2024,1.1468,0.0033,+0.29%
31.10.2024,1.1429,-0.0039,-0.34%
01.11.2024,1.1404,-0.0025,-0.22%
04.11.2024,1.1458,0.0054,+0.47%
05.11.2024,1.1394,-0.0064,-0.56%
06.11.2024,1.1393,-0.0001,-0.01%
07.11.2024,1.1467,0.0074,+0.65%
08.11.2024,1.1501,0.0034,+0.3%
11.11.2024,1.1467,-0.0034,-0.3%
12.11.2024,1.1438,-0.0029,-0.25%
13.11.2024,1.1451,0.0013,+0.11%
14.11.2024,1.146,0.0009,+0.08%
15.11.2024,1.1519,0.0059,+0.51%
18.11.2024,1.1478,-0.0041,-0.36%
19.11.2024,1.1487,0.0009,+0.08%
20.11.2024,1.1474,-0.0013,-0.11%
21.11.2024,1.1445,-0.0029,-0.25%
22.11.2024,1.146,0.0015,+0.13%
25.11.2024,1.1491,0.0031,+0.27%
26.11.2024,1.1529,0.0038,+0.33%
27.11.2024,1.155,0.0021,+0.18%
28.11.2024,1.1532,-0.0018,-0.16%
29.11.2024,1.1577,0.0045,+0.39%
02.12.2024,1.1598,0.0021,+0.18%
03.12.2024,1.1596,-0.0002,-0.02%
04.12.2024,1.1611,0.0015,+0.13%
05.12.2024,1.1649,0.0038,+0.33%
06.12.2024,1.1656,0.0007,+0.06%
09.12.2024,1.1673,0.0017,+0.15%
10.12.2024,1.1652,-0.0021,-0.18%
11.12.2024,1.1665,0.0013,+0.11%
12.12.2024,1.1623,-0.0042,-0.36%
13.12.2024,1.1639,0.0016,+0.14%
16.12.2024,1.1676,0.0037,+0.32%
17.12.2024,1.1675,-0.0001,-0.01%
18.12.2024,1.168,0.0005,+0.04%
19.12.2024,1.1671,-0.0009,-0.08%
20.12.2024,1.1679,0.0008,+0.07%
23.12.2024,1.1658,-0.0021,-0.18%
24.12.2024,1.1643,-0.0015,-0.13%
27.12.2024,1.1637,-0.0006,-0.05%
30.12.2024,1.1663,0.0026,+0.22%
31.12.2024,1.1634,-0.0029,-0.25%
03.01.2025,1.1647,0.0013,+0.11%
08.01.2025,1.1647,,
09.01.2025,1.1632,-0.0015,-0.13%
10.01.2025,1.1656,0.0024,+0.21%
13.01.2025,1.1639,-0.0017,-0.15%
14.01.2025,1.1646,0.0007,+0.06%
15.01.2025,1.1673,0.0027,+0.23%
16.01.2025,1.1664,-0.0009,-0.08%
17.01.2025,1.1673,0.0009,+0.08%
20.01.2025,1.1694,0.0021,+0.18%
21.01.2025,1.1702,0.0008,+0.07%
22.01.2025,1.1737,0.0035,+0.3%
23.01.2025,1.18,0.0063,+0.54%
27.01.2025,1.18,,
28.01.2025,1.1826,0.0026,+0.22%
29.01.2025,1.1823,-0.0003,-0.03%
30.01.2025,1.1834,0.0011,+0.09%
31.01.2025,1.1799,-0.0035,-0.3%
03.02.2025,1.1762,-0.0037,-0.31%
04.02.2025,1.1782,0.002,+0.17%
05.02.2025,1.1841,0.0059,+0.5%
06.02.2025,1.1834,-0.0007,-0.06%
07.02.2025,1.1872,0.0038,+0.32%
10.02.2025,1.1889,0.0017,+0.14%
11.02.2025,1.1917,0.0028,+0.24%
12.02.2025,1.1923,0.0006,+0.05%
13.02.2025,1.1944,0.0021,+0.18%
14.02.2025,1.1954,0.001,+0.08%
17.02.2025,1.1966,0.0012,+0.1%
18.02.2025,1.1963,-0.0003,-0.03%
19.02.2025,1.1949,-0.0014,-0.12%
20.02.2025,1.1948,-0.0001,-0.01%
21.02.2025,1.194,-0.0008,-0.07%
24.02.2025,1.1984,0.0044,+0.37%
25.02.2025,1.2028,0.0044,+0.37%
26.02.2025,1.2003,-0.0025,-0.21%
27.02.2025,1.2028,0.0025,+0.21%
28.02.2025,1.1988,-0.004,-0.33%
03.03.2025,1.1911,-0.0077,-0.64%
04.03.2025,1.1971,0.006,+0.5%
05.03.2025,1.1972,0.0001,+0.01%
06.03.2025,1.1911,-0.0061,-0.51%
07.03.2025,1.1904,-0.0007,-0.06%
10.03.2025,1.1874,-0.003,-0.25%
11.03.2025,1.1887,0.0013,+0.11%
12.03.2025,1.1864,-0.0023,-0.19%
13.03.2025,1.1859,-0.0005,-0.04%
14.03.2025,1.1914,0.0055,+0.46%
17.03.2025,1.189,-0.0024,-0.2%
18.03.2025,1.1911,0.0021,+0.18%
19.03.2025,1.1839,-0.0072,-0.6%
20.03.2025,1.1868,0.0029,+0.24%
21.03.2025,1.1862,-0.0006,-0.05%
24.03.2025,1.19,0.0038,+0.32%
25.03.2025,1.1939,0.0039,+0.33%
26.03.2025,1.1934,-0.0005,-0.04%
27.03.2025,1.1861,-0.0073,-0.61%
28.03.2025,1.1918,0.0057,+0.48%
31.03.2025,1.1892,-0.0026,-0.22%
01.04.2025,1.1888,-0.0004,-0.03%
02.04.2025,1.1926,0.0038,+0.32%
03.04.2025,1.1888,-0.0038,-0.32%
04.04.2025,1.1699,-0.0189,-1.59%
07.04.2025,1.1586,-0.0113,-0.97%
08.04.2025,1.1613,0.0027,+0.23%
09.04.2025,1.1613,,
10.04.2025,1.17,0.0087,+0.75%
11.04.2025,1.1587,-0.0113,-0.97%
14.04.2025,1.1637,0.005,+0.43%
15.04.2025,1.1618,-0.0019,-0.16%
16.04.2025,1.1581,-0.0037,-0.32%
17.04.2025,1.1597,0.0016,+0.14%
22.04.2025,1.1626,0.0029,+0.25%
23.04.2025,1.1598,-0.0028,-0.24%
24.04.2025,1.1624,0.0026,+0.22%
25.04.2025,1.1646,0.0022,+0.19%
28.04.2025,1.1636,-0.001,-0.09%
29.04.2025,1.167,0.0034,+0.29%
30.04.2025,1.165,-0.002,-0.17%
02.05.2025,1.1648,-0.0002,-0.02%
05.05.2025,1.1634,-0.0014,-0.12%
06.05.2025,1.1776,0.0142,+1.22%
07.05.2025,1.192,0.0144,+1.22%
08.05.2025,1.199,0.007,+0.59%
09.05.2025,1.2067,0.0077,+0.64%
12.05.2025,1.2043,-0.0024,-0.2%
13.05.2025,1.1999,-0.0044,-0.37%
14.05.2025,1.2018,0.0019,+0.16%
15.05.2025,1.2048,0.003,+0.25%
16.05.2025,1.2029,-0.0019,-0.16%
19.05.2025,1.1775,-0.0254,-2.11%
20.05.2025,1.1978,0.0203,+1.72%
21.05.2025,1.1944,-0.0034,-0.28%
22.05.2025,1.1904,-0.004,-0.33%
23.05.2025,1.1889,-0.0015,-0.13%
26.05.2025,1.1915,0.0026,+0.22%
27.05.2025,1.1909,-0.0006,-0.05%
28.05.2025,1.1909,,
29.05.2025,1.1952,0.0043,+0.36%
30.05.2025,1.1913,-0.0039,-0.33%
02.06.2025,1.1877,-0.0036,-0.3%
03.06.2025,1.1841,-0.0036,-0.3%
04.06.2025,1.1816,-0.0025,-0.21%
05.06.2025,1.1803,-0.0013,-0.11%
06.06.2025,1.1766,-0.0037,-0.31%
10.06.2025,1.1824,0.0058,+0.49%
11.06.2025,1.1802,-0.0022,-0.19%
12.06.2025,1.1798,-0.0004,-0.03%
13.06.2025,1.1776,-0.0022,-0.19%
16.06.2025,1.1799,0.0023,+0.2%
17.06.2025,1.1754,-0.0045,-0.38%
18.06.2025,1.1779,0.0025,+0.21%
19.06.2025,1.1771,-0.0008,-0.07%
20.06.2025,1.1822,0.0051,+0.43%
23.06.2025,1.1791,-0.0031,-0.26%
24.06.2025,1.186,0.0069,+0.59%
25.06.2025,1.1896,0.0036,+0.3%
26.06.2025,1.1943,0.0047,+0.4%
27.06.2025,1.1983,0.004,+0.33%
30.06.2025,1.197,-0.0013,-0.11%
01.07.2025,1.1969,-0.0001,-0.01%
02.07.2025,1.1914,-0.0055,-0.46%
03.07.2025,1.1884,-0.003,-0.25%
04.07.2025,1.1916,0.0032,+0.27%
07.07.2025,1.1927,0.0011,+0.09%
08.07.2025,1.1939,0.0012,+0.1%
09.07.2025,1.197,0.0031,+0.26%
10.07.2025,1.1961,-0.0009,-0.08%
11.07.2025,1.1937,-0.0024,-0.2%
14.07.2025,1.1917,-0.002,-0.17%
15.07.2025,1.1942,0.0025,+0.21%
16.07.2025,1.1909,-0.0033,-0.28%
17.07.2025,1.1925,0.0016,+0.13%
18.07.2025,1.194,0.0015,+0.13%
21.07.2025,1.195,0.001,+0.08%
22.07.2025,1.1915,-0.0035,-0.29%
23.07.2025,1.1918,0.0003,+0.03%
24.07.2025,1.1917,-0.0001,-0.01%
25.07.2025,1.1915,-0.0002,-0.02%
28.07.2025,1.1904,-0.0011,-0.09%
29.07.2025,1.1869,-0.0035,-0.29%
30.07.2025,1.1882,0.0013,+0.11%
31.07.2025,1.1893,0.0011,+0.09%
01.08.2025,1.1868,-0.0025,-0.21%
04.08.2025,1.1862,-0.0006,-0.05%
05.08.2025,1.1872,0.001,+0.08%
06.08.2025,1.1854,-0.0018,-0.15%
07.08.2025,1.1911,0.0057,+0.48%
08.08.2025,1.193,0.0019,+0.16%
11.08.2025,1.1916,-0.0014,-0.12%
12.08.2025,1.1896,-0.002,-0.17%
13.08.2025,1.1884,-0.0012,-0.1%
14.08.2025,1.1885,0.0001,+0.01%
18.08.2025,1.1891,0.0006,+0.05%
19.08.2025,1.192,0.0029,+0.24%
20.08.2025,1.1899,-0.0021,-0.18%
21.08.2025,1.19,0.0001,+0.01%
22.08.2025,1.1856,-0.0044,-0.37%
25.08.2025,1.185,-0.0006,-0.05%
26.08.2025,1.1859,0.0009,+0.08%
27.08.2025,1.1861,0.0002,+0.02%
28.08.2025,1.1878,0.0017,+0.14%
29.08.2025,1.1888,0.001,+0.08%
01.09.2025,1.1924,0.0036,+0.3%
02.09.2025,1.1912,-0.0012,-0.1%
03.09.2025,1.1941,0.0029,+0.24%
04.09.2025,1.1935,-0.0006,-0.05%
05.09.2025,1.1943,0.0008,+0.07%
08.09.2025,1.193,-0.0013,-0.11%
09.09.2025,1.1935,0.0005,+0.04%
10.09.2025,1.1918,-0.0017,-0.14%
11.09.2025,1.1884,-0.0034,-0.29%
12.09.2025,1.1906,0.0022,+0.19%
15.09.2025,1.192,0.0014,+0.12%
16.09.2025,1.1915,-0.0005,-0.04%
17.09.2025,1.1914,-0.0001,-0.01%
18.09.2025,1.1913,-0.0001,-0.01%
19.09.2025,1.1895,-0.0018,-0.15%
22.09.2025,1.1908,0.0013,+0.11%
23.09.2025,1.1934,0.0026,+0.22%
24.09.2025,1.1906,-0.0028,-0.23%
25.09.2025,1.1911,0.0005,+0.04%
26.09.2025,1.1902,-0.0009,-0.08%
29.09.2025,1.1893,-0.0009,-0.08%
30.09.2025,1.1893,,
01.10.2025,1.1933,0.004,+0.34%
02.10.2025,1.1941,0.0008,+0.07%
03.10.2025,1.1959,0.0018,+0.15%
06.10.2025,1.1962,0.0003,+0.03%
07.10.2025,1.1968,0.0006,+0.05%
08.10.2025,1.1986,0.0018,+0.15%
09.10.2025,1.1969,-0.0017,-0.14%
10.10.2025,1.1962,-0.0007,-0.06%
13.10.2025,1.1946,-0.0016,-0.13%
14.10.2025,1.194,-0.0006,-0.05%
15.10.2025,1.1958,0.0018,+0.15%
16.10.2025,1.1967,0.0009,+0.08%
17.10.2025,1.1965,-0.0002,-0.02%
20.10.2025,1.1995,0.003,+0.25%
21.10.2025,1.2001,0.0006,+0.05%
22.10.2025,1.1998,-0.0003,-0.02%
23.10.2025,1.2004,0.0006,+0.05%
24.10.2025,1.2006,0.0002,+0.02%
27.10.2025,1.2012,0.0006,+0.05%
28.10.2025,1.1999,-0.0013,-0.11%
29.10.2025,1.1993,-0.0006,-0.05%
30.10.2025,1.1984,-0.0009,-0.08%
31.10.2025,1.1947,-0.0037,-0.31%
03.11.2025,1.1962,0.0015,+0.13%
04.11.2025,1.1951,-0.0011,-0.09%
05.11.2025,1.1937,-0.0014,-0.12%
06.11.2025,1.1945,0.0008,+0.07%
07.11.2025,1.1968,0.0023,+0.19%
10.11.2025,1.201,0.0042,+0.35%
11.11.2025,1.2011,0.0001,+0.01%
12.11.2025,1.2021,0.001,+0.08%
13.11.2025,1.2021,,
14.11.2025,1.2013,-0.0008,-0.07%
17.11.2025,1.203,0.0017,+0.14%
18.11.2025,1.2006,-0.0024,-0.2%
19.11.2025,1.1998,-0.0008,-0.07%
20.11.2025,1.2025,0.0027,+0.23%
21.11.2025,1.1975,-0.005,-0.42%
24.11.2025,1.202,0.0045,+0.38%
25.11.2025,1.2033,0.0013,+0.11%
26.11.2025,1.2024,-0.0009,-0.07%
27.11.2025,1.2046,0.0022,+0.18%
28.11.2025,1.201,-0.0036,-0.3%
02.12.2025,1.2,-0.001,-0.08%
03.12.2025,1.203,0.003,+0.25%
04.12.2025,1.2039,0.0009,+0.07%
05.12.2025,1.2036,-0.0003,-0.02%
08.12.2025,1.2031,-0.0005,-0.04%
09.12.2025,1.2027,-0.0004,-0.03%
10.12.2025,1.2046,0.0019,+0.16%
11.12.2025,1.2034,-0.0012,-0.1%
12.12.2025,1.2042,0.0008,+0.07%
15.12.2025,1.2069,0.0027,+0.22%
16.12.2025,1.2069,,
17.12.2025,1.2076,0.0007,+0.06%
18.12.2025,1.2093,0.0017,+0.14%
19.12.2025,1.2085,-0.0008,-0.07%
22.12.2025,1.2088,0.0003,+0.02%
23.12.2025,1.2041,-0.0047,-0.39%
24.12.2025,1.2084,0.0043,+0.36%
29.12.2025,1.2046,-0.0038,-0.31%
30.12.2025,1.2052,0.0006,+0.05%
31.12.2025,1.2073,0.0021,+0.17%
05.01.2026,1.2073,,
08.01.2026,1.2078,0.0005,+0.04%
09.01.2026,1.2081,0.0003,+0.02%
12.01.2026,1.2088,0.0007,+0.06%
13.01.2026,1.2089,0.0001,+0.01%
14.01.2026,1.2082,-0.0007,-0.06%
15.01.2026,1.2092,0.001,+0.08%
16.01.2026,1.2059,-0.0033,-0.27%
19.01.2026,1.205,-0.0009,-0.07%
20.01.2026,1.2045,-0.0005,-0.04%
21.01.2026,1.2062,0.0017,+0.14%
22.01.2026,1.2091,0.0029,+0.24%
23.01.2026,1.2112,0.0021,+0.17%
26.01.2026,1.2112,,
27.01.2026,1.2127,0.0015,+0.12%
28.01.2026,1.2126,-0.0001,-0.01%
29.01.2026,1.2113,-0.0013,-0.11%
30.01.2026,1.2103,-0.001,-0.08%
02.02.2026,1.209,-0.0013,-0.11%
03.02.2026,1.2072,-0.0018,-0.15%
04.02.2026,1.2057,-0.0015,-0.12%
05.02.2026,1.2084,0.0027,+0.22%
06.02.2026,1.208,-0.0004,-0.03%
09.02.2026,1.2086,0.0006,+0.05%
10.02.2026,1.2082,-0.0004,-0.03%
11.02.2026,1.2075,-0.0007,-0.06%
12.02.2026,1.2081,0.0006,+0.05%
13.02.2026,1.2086,0.0005,+0.04%
16.02.2026,1.2105,0.0019,+0.16%
17.02.2026,1.2088,-0.0017,-0.14%
18.02.2026,1.2085,-0.0003,-0.02%
19.02.2026,1.2062,-0.0023,-0.19%
20.02.2026,1.2068,0.0006,+0.05%
23.02.2026,1.2088,0.002,+0.17%
24.02.2026,1.2078,-0.001,-0.08%
25.02.2026,1.208,0.0002,+0.02%
26.02.2026,1.2064,-0.0016,-0.13%
27.02.2026,1.2067,0.0003,+0.02%
02.03.2026,1.2053,-0.0014,-0.12%
03.03.2026,1.1915,-0.0138,-1.14%
04.03.2026,1.1956,0.0041,+0.34%
05.03.2026,1.1921,-0.0035,-0.29%
06.03.2026,1.1906,-0.0015,-0.13%
09.03.2026,1.1915,0.0009,+0.08%
10.03.2026,1.197,0.0055,+0.46%
11.03.2026,1.1959,-0.0011,-0.09%
12.03.2026,1.196,0.0001,+0.01%
13.03.2026,1.1943,-0.0017,-0.14%
16.03.2026,1.1946,0.0003,+0.03%
17.03.2026,1.1934,-0.0012,-0.1%
18.03.2026,1.1951,0.0017,+0.14%
19.03.2026,1.1906,-0.0045,-0.38%
20.03.2026,1.1903,-0.0003,-0.03%
23.03.2026,1.1895,-0.0008,-0.07%
24.03.2026,1.1927,0.0032,+0.27%
25.03.2026,1.1942,0.0015,+0.13%
26.03.2026,1.1923,-0.0019,-0.16%
27.03.2026,1.1893,-0.003,-0.25%
30.03.2026,1.1896,0.0003,+0.03%
31.03.2026,1.188,-0.0016,-0.13%
01.04.2026,1.1906,0.0026,+0.22%
02.04.2026,1.1892,-0.0014,-0.12%
03.04.2026,1.1916,0.0024,+0.2%
06.04.2026,1.194,0.0024,+0.2%
07.04.2026,1.1936,-0.0004,-0.03%
08.04.2026,1.1963,0.0027,+0.23%
09.04.2026,1.1964,0.0001,+0.01%
14.04.2026,1.1997,0.0033,+0.28%
15.04.2026,1.2012,0.0015,+0.13%
16.04.2026,1.2007,-0.0005,-0.04%
17.04.2026,1.2049,0.0042,+0.35%
20.04.2026,1.2043,-0.0006,-0.05%
21.04.2026,1.2055,0.0012,+0.1%
22.04.2026,1.2015,-0.004,-0.33%
23.04.2026,1.1982,-0.0033,-0.27%
24.04.2026,1.1996,0.0014,+0.12%
27.04.2026,1.1996,,
28.04.2026,1.1994,-0.0002,-0.02%
29.04.2026,1.1992,-0.0002,-0.02%
30.04.2026,1.2071,0.0079,+0.66%
04.05.2026,1.2222,0.0151,+1.25%
05.05.2026,1.227,0.0048,+0.39%
06.05.2026,1.2445,0.0175,+1.43%
07.05.2026,1.2448,0.0003,+0.02%
08.05.2026,1.2381,-0.0067,-0.54%
11.05.2026,1.2318,-0.0063,-0.51%
12.05.2026,1.2273,-0.0045,-0.37%
13.05.2026,1.2242,-0.0031,-0.25%
14.05.2026,1.2279,0.0037,+0.3%
15.05.2026,1.2264,-0.0015,-0.12%
18.05.2026,1.2271,0.0007,+0.06%
19.05.2026,1.2322,0.0051,+0.42%
20.05.2026,1.2302,-0.002,-0.16%
21.05.2026,1.2354,0.0052,+0.42%
22.05.2026,1.2366,0.0012,+0.1%
25.05.2026,1.2393,0.0027,+0.22%
26.05.2026,1.2372,-0.0021,-0.17%
27.05.2026,1.237,-0.0002,-0.02%
28.05.2026,1.2399,0.0029,+0.23%
29.05.2026,1.2407,0.0008,+0.06%
02.06.2026,1.2415,0.0008,+0.06%
03.06.2026,1.24,-0.0015,-0.12%
04.06.2026,1.2411,0.0011,+0.09%
05.06.2026,1.2395,-0.0016,-0.13%
